/*
SQLyog Ultimate v11.11 (64 bit)
MySQL - 5.5.5-10.1.31-MariaDB : Database - photography
*********************************************************************
*/

/*!40101 SET NAMES utf8 */;

/*!40101 SET SQL_MODE=''*/;

/*!40014 SET @OLD_UNIQUE_CHECKS=@@UNIQUE_CHECKS, UNIQUE_CHECKS=0 */;
/*!40014 SET @OLD_FOREIGN_KEY_CHECKS=@@FOREIGN_KEY_CHECKS, FOREIGN_KEY_CHECKS=0 */;
/*!40101 SET @OLD_SQL_MODE=@@SQL_MODE, SQL_MODE='NO_AUTO_VALUE_ON_ZERO' */;
/*!40111 SET @OLD_SQL_NOTES=@@SQL_NOTES, SQL_NOTES=0 */;
CREATE DATABASE /*!32312 IF NOT EXISTS*/`photography` /*!40100 DEFAULT CHARACTER SET utf8 COLLATE utf8_unicode_ci */;

USE `photography`;

/*Table structure for table `activate` */

DROP TABLE IF EXISTS `activate`;

CREATE TABLE `activate` (
  `email` varchar(140) COLLATE utf8mb4_unicode_ci NOT NULL,
  `activate_code` int(11) NOT NULL,
  `created_at` timestamp NULL DEFAULT NULL,
  PRIMARY KEY (`email`),
  KEY `activate_email_index` (`email`)
) ENGINE=InnoDB DEFAULT CHARSET=utf8mb4 COLLATE=utf8mb4_unicode_ci;

/*Data for the table `activate` */

insert  into `activate`(`email`,`activate_code`,`created_at`) values ('akashajaj09@gmail.com',564737,NULL),('taspiyataspiya13@gmail.com',566261,NULL);

/*Table structure for table `migrations` */

DROP TABLE IF EXISTS `migrations`;

CREATE TABLE `migrations` (
  `id` int(10) unsigned NOT NULL AUTO_INCREMENT,
  `migration` varchar(255) COLLATE utf8mb4_unicode_ci NOT NULL,
  `batch` int(11) NOT NULL,
  PRIMARY KEY (`id`)
) ENGINE=InnoDB AUTO_INCREMENT=10 DEFAULT CHARSET=utf8mb4 COLLATE=utf8mb4_unicode_ci;

/*Data for the table `migrations` */

insert  into `migrations`(`id`,`migration`,`batch`) values (1,'2014_10_12_000000_create_users_table',1),(2,'2014_10_12_100000_create_password_resets_table',1),(3,'2016_06_01_000001_create_oauth_auth_codes_table',1),(4,'2016_06_01_000002_create_oauth_access_tokens_table',1),(5,'2016_06_01_000003_create_oauth_refresh_tokens_table',1),(6,'2016_06_01_000004_create_oauth_clients_table',1),(7,'2016_06_01_000005_create_oauth_personal_access_clients_table',1),(8,'2018_05_18_092431_activataccount',2),(9,'2018_05_19_093147_create_publish_photos_table',3);

/*Table structure for table `oauth_access_tokens` */

DROP TABLE IF EXISTS `oauth_access_tokens`;

CREATE TABLE `oauth_access_tokens` (
  `id` varchar(100) COLLATE utf8mb4_unicode_ci NOT NULL,
  `user_id` int(11) DEFAULT NULL,
  `client_id` int(11) NOT NULL,
  `name` varchar(255) COLLATE utf8mb4_unicode_ci DEFAULT NULL,
  `scopes` text COLLATE utf8mb4_unicode_ci,
  `revoked` tinyint(1) NOT NULL,
  `created_at` timestamp NULL DEFAULT NULL,
  `updated_at` timestamp NULL DEFAULT NULL,
  `expires_at` datetime DEFAULT NULL,
  PRIMARY KEY (`id`),
  KEY `oauth_access_tokens_user_id_index` (`user_id`)
) ENGINE=InnoDB DEFAULT CHARSET=utf8mb4 COLLATE=utf8mb4_unicode_ci;

/*Data for the table `oauth_access_tokens` */

insert  into `oauth_access_tokens`(`id`,`user_id`,`client_id`,`name`,`scopes`,`revoked`,`created_at`,`updated_at`,`expires_at`) values ('03dcfeb1029b879f46abdab5b8235927a52633f14560a3fd6f8f25937113bdb2c4e6c3cebd3fef54',6,2,NULL,'[]',0,'2018-05-19 06:04:08','2018-05-19 06:04:08','2019-05-19 06:04:08'),('05c60fcd5b11f742a9daef7964ba6c731712828aef0b6c8313c0d3f6125cd0f5747a85f5b8593e07',8,2,NULL,'[]',0,'2018-05-23 15:27:40','2018-05-23 15:27:40','2019-05-23 15:27:40'),('093ad1686e2afe819408423038428563247c0d03ba7e246bebc741daa9c77eed53da1f28cad2afb2',8,2,NULL,'[]',0,'2018-05-19 06:43:09','2018-05-19 06:43:09','2019-05-19 06:43:09'),('0bbcd6d3905d8aded9bd9ac4dfefadee8d19dcec87b1601fc64bd03fb191cf8c51fb37fbc5f460e0',8,2,NULL,'[]',0,'2018-05-21 06:46:23','2018-05-21 06:46:23','2019-05-21 06:46:23'),('0ea374005a5a61c97408efe32b6130449e1189f9770e4a0c7cc362c51af623bb93061848462692ac',8,2,NULL,'[]',0,'2018-05-23 13:46:50','2018-05-23 13:46:50','2019-05-23 13:46:50'),('15d91ca9c810d08877c12ef496b3cc7cf4b2768a886625ef9bbe2d71573d40c360ab027ab69f0590',8,2,NULL,'[]',0,'2018-05-19 07:57:31','2018-05-19 07:57:31','2019-05-19 07:57:31'),('1961d9fc836abd54a63c2290fdcbb27dc841d113147f62090f390703557b3009737f19a896ee803f',6,2,NULL,'[]',0,'2018-05-23 09:24:27','2018-05-23 09:24:27','2019-05-23 09:24:27'),('1c59f4eed5477ccf73e1aae113502b5ea9a6e2ad79d67cefa85a204b17215debd237fa4a4af217b1',8,2,NULL,'[]',0,'2018-05-19 06:26:14','2018-05-19 06:26:14','2019-05-19 06:26:14'),('206af84ee29036eb56da6c515a2f5b73eaabd0a0cabe4faff42ca8f6abf8586eeb671b3093ddff50',8,2,NULL,'[]',0,'2018-05-23 10:11:38','2018-05-23 10:11:38','2019-05-23 10:11:38'),('21048cf661cbde20ec1507e419d908d62584e41550034c4598a85c96a1fd3101c0d9054d7f05e538',6,2,NULL,'[]',0,'2018-05-19 06:17:50','2018-05-19 06:17:50','2019-05-19 06:17:50'),('283b470adc9490e9a195b485452d6cfb8f17c11e15cc490e4937e8d91afa051ecfd753ffb9a6efba',8,2,NULL,'[]',0,'2018-05-23 05:30:26','2018-05-23 05:30:26','2019-05-23 05:30:26'),('2e926c19758991d208322d559b7a3be4fecf0f04f926e787353d4092019ca216279dd193ac7d9a98',8,2,NULL,'[]',0,'2018-05-24 06:04:50','2018-05-24 06:04:50','2019-05-24 06:04:50'),('3ba3d2cfc5dc003207797915a7c02d53f59a938e905996e23c9fb0047c5bf77b3f2c0096e7972196',8,2,NULL,'[]',0,'2018-05-19 07:00:11','2018-05-19 07:00:11','2019-05-19 07:00:11'),('3e3ac38cb2185bab6f25ed62ff1d803e3eea25ae416dbc1983d7af83eabe7bba4b10ad89e095ff40',5,2,NULL,'[]',0,'2018-05-19 06:20:14','2018-05-19 06:20:14','2019-05-19 06:20:14'),('41147182d5302676090a719b0dbd377a8b0956a4dbf88b79882bb5e88d9dc6c39d0adbafa299d147',8,2,NULL,'[]',0,'2018-05-23 15:31:13','2018-05-23 15:31:13','2019-05-23 15:31:13'),('41de1ab1298ee3956c7f6761384891daab37c5b5ea309a72ec3e5e830e3e5a2efb437dac61afbc10',5,2,NULL,'[]',0,'2018-05-19 05:34:10','2018-05-19 05:34:10','2019-05-19 05:34:10'),('515431e064baccaaf9a8a234b1961e125711494e867754b379ec99670b3783866f031eae63e160c5',6,2,NULL,'[]',0,'2018-05-19 05:52:44','2018-05-19 05:52:44','2019-05-19 05:52:44'),('531eed8997911434b387c44ce2905ea3f4b2ecd2d59ebaff6e8d5aeb1933396011c20bc07d85076b',8,2,NULL,'[]',0,'2018-05-23 15:32:06','2018-05-23 15:32:06','2019-05-23 15:32:06'),('537547312b1ccfe397eb728d52254f8a83eb0f7be1680b7d3ffd164f577c34a4c833252eedeb48f3',8,2,NULL,'[]',0,'2018-05-23 15:47:04','2018-05-23 15:47:04','2019-05-23 15:47:04'),('5e18ac71a311750b60c8f16320358d1fcd1e1904aa6a6bef432733d1783217df20ea603ef687f25e',6,2,NULL,'[]',0,'2018-05-19 06:07:34','2018-05-19 06:07:34','2019-05-19 06:07:34'),('60d49e4782ac604688050b64f276d994c6682325cd94d2f8c76c9c13f68d801cf716db47f05c4489',6,2,NULL,'[]',0,'2018-05-19 06:06:52','2018-05-19 06:06:52','2019-05-19 06:06:52'),('66716cdcab324bf973f59a97b3926217ac8f60fa6e034e64c00c478c2ba3f49cff955121c28a096a',8,2,NULL,'[]',0,'2018-05-19 07:52:00','2018-05-19 07:52:00','2019-05-19 07:52:00'),('6d233fc0402d99b2d32aefeff832eb6e9c270d333c896486bf808a909efeda5b5fcccc541c52d759',6,2,NULL,'[]',0,'2018-05-23 16:57:17','2018-05-23 16:57:17','2019-05-23 16:57:17'),('788fbc658fcd289fd1005d16902e1fc4489858a29a0efcd72f90cdddfffc52b3430b2b6fc129f553',8,2,NULL,'[]',0,'2018-05-23 14:38:49','2018-05-23 14:38:49','2019-05-23 14:38:49'),('7bb85e186fbf38e1078f89ee0d1520c7b85d9724380063de5277a38436f407ede5e0734366c59d25',8,2,NULL,'[]',0,'2018-05-22 09:37:58','2018-05-22 09:37:58','2019-05-22 09:37:58'),('7d007494ed238c48b6f5f51795f47d8ab5100fcb897f9ad85e6f2eaeda6e8f0d2d43c1b1fa47d204',8,2,NULL,'[]',0,'2018-05-19 08:08:21','2018-05-19 08:08:21','2019-05-19 08:08:21'),('81f955feea6aaf74fcfda1c2ab5fe6fefaa7b3648dd8dce5c6127322820b55cbececa519cd433fbb',8,2,NULL,'[]',0,'2018-05-23 15:28:30','2018-05-23 15:28:30','2019-05-23 15:28:30'),('83bdf8536f320c12ec04cc21da40219ef8a613105d53afa08a567f13db946abdcc9dcebd97364431',8,2,NULL,'[]',0,'2018-05-19 06:58:29','2018-05-19 06:58:29','2019-05-19 06:58:29'),('8a5919449c2764828b17900a468392eb61a04f912f67b301da11b8324ee0b996279a81b114709841',8,2,NULL,'[]',0,'2018-05-23 05:23:21','2018-05-23 05:23:21','2019-05-23 05:23:21'),('8b2a2c328d5a65b288af7d18f351ffc95c50a56a8c3f9cd31ed0e88eefa02367f3dc9c18bbbbfc4a',6,2,NULL,'[]',0,'2018-05-24 06:04:06','2018-05-24 06:04:06','2019-05-24 06:04:06'),('8d7c3a4a240ab814841dc21b7e9d25183e4e0fe38c0e6082f5f57940a9e8b9f4009f9246fda513dc',1,2,NULL,'[]',0,'2018-05-18 13:23:07','2018-05-18 13:23:07','2019-05-18 13:23:07'),('911f17d13940b3f0becff455c9cbe180f460945c702ee56094905d436dee53b03a9791770ba74c47',8,2,NULL,'[]',0,'2018-05-22 09:47:48','2018-05-22 09:47:48','2019-05-22 09:47:48'),('9805eb925626a08f266436c5b6a7d4cf5782d8d65b2b62afb7dcb6dc0e1ec4f8b91fc7cf21511ff0',8,2,NULL,'[]',0,'2018-05-23 14:14:04','2018-05-23 14:14:04','2019-05-23 14:14:04'),('9ead43d3b1d92198a80bab4701091aaa5a178cffe606945de3dc4e8214e4b322bcf707e27080c65e',6,2,NULL,'[]',0,'2018-05-23 05:51:09','2018-05-23 05:51:09','2019-05-23 05:51:09'),('a9dae9ca2e523ffa5f81f22d3faf05b1f8d77d2c37f5fb9fd560de0cec3ceae0696c6961aaa9249e',8,2,NULL,'[]',0,'2018-05-23 15:29:37','2018-05-23 15:29:37','2019-05-23 15:29:37'),('b094be07b5232b366bbec540eba31c8972bec7b6299f0aa001069c42735f40bfc597aae8515bf87f',8,2,NULL,'[]',0,'2018-05-19 07:50:18','2018-05-19 07:50:18','2019-05-19 07:50:18'),('b1d653c05dfc4f6b3bc6e4739fe01d67fa04958de3321537b0c028976fb325b9c8c651e852121bf8',8,2,NULL,'[]',0,'2018-05-23 15:29:20','2018-05-23 15:29:20','2019-05-23 15:29:20'),('b6354fc4b7c8288f3b53611709a61593205648abaa3ddaa8885b6bc8ee97a31b76202fe0c2d04fca',8,2,NULL,'[]',0,'2018-05-22 10:06:53','2018-05-22 10:06:53','2019-05-22 10:06:53'),('bc880825b72e76e1cb3a57739773924930e19a83f2032a567694cffe1ac0b424f4332f4a45f25d80',8,2,NULL,'[]',0,'2018-05-23 15:30:03','2018-05-23 15:30:03','2019-05-23 15:30:03'),('cd92af4e4db441dc91c12fa856b3e3f41596abb38f731bd95ab37933b4947a2256d4555c9c38649e',8,2,NULL,'[]',0,'2018-05-23 16:23:32','2018-05-23 16:23:32','2019-05-23 16:23:32'),('cd9530bad660e920752895b2f64482c9a4999b13c9da08d8dfcfeda6d0c3db642077ddbe4f5915f5',5,2,NULL,'[]',0,'2018-05-19 05:41:28','2018-05-19 05:41:28','2019-05-19 05:41:28'),('d39691bb00b1771e145fc1e3ab23916055db18f417fa6ef1d7801add010c14a77fad246885b28cd8',8,2,NULL,'[]',0,'2018-05-22 09:29:30','2018-05-22 09:29:30','2019-05-22 09:29:30'),('d60c53d537791bfcd2fb834c6a944d8be5756b2658ccce689b9cbbfb341b7de08653ae89113023f3',6,2,NULL,'[]',0,'2018-05-23 16:41:27','2018-05-23 16:41:27','2019-05-23 16:41:27'),('d7641ae57a96ac4ec0b9b4f80ddb7e8ef6b9a903734c2ca02dba5256d0babf3d658ebaaf664c4178',8,2,NULL,'[]',0,'2018-05-19 07:51:06','2018-05-19 07:51:06','2019-05-19 07:51:06'),('e003101d72f4b842aeb73418ee063bd555ed5db2f93963cf544a699ec9e8defd63be02018d0d8ddf',6,2,NULL,'[]',0,'2018-05-23 16:33:52','2018-05-23 16:33:52','2019-05-23 16:33:52'),('e7e0d6a467eccce842942c6e2eed184ff45b6e027b70109d6bafca2add99dba357a2a34c30b9d5f2',8,2,NULL,'[]',0,'2018-05-19 07:54:58','2018-05-19 07:54:58','2019-05-19 07:54:58'),('e8d5e00826e784725dfe6a0dd8c21bdf2de02412c580d1d909c623118a9f006cc15629a071c5b26d',5,2,NULL,'[]',0,'2018-05-18 13:50:46','2018-05-18 13:50:46','2019-05-18 13:50:46'),('efeaa6c1866ce385c36180c75bca21220a59dca5f71fa9e047857108a1d913d8e2a1be0ce4a176b2',6,2,NULL,'[]',0,'2018-05-22 09:45:24','2018-05-22 09:45:24','2019-05-22 09:45:24'),('fa347c3fa81c125a53e773ad409e3b6568ff850f88944cb27f3e25044bf0e328be989f2e2b3963c5',8,2,NULL,'[]',0,'2018-05-19 06:59:22','2018-05-19 06:59:22','2019-05-19 06:59:22');

/*Table structure for table `oauth_auth_codes` */

DROP TABLE IF EXISTS `oauth_auth_codes`;

CREATE TABLE `oauth_auth_codes` (
  `id` varchar(100) COLLATE utf8mb4_unicode_ci NOT NULL,
  `user_id` int(11) NOT NULL,
  `client_id` int(11) NOT NULL,
  `scopes` text COLLATE utf8mb4_unicode_ci,
  `revoked` tinyint(1) NOT NULL,
  `expires_at` datetime DEFAULT NULL,
  PRIMARY KEY (`id`)
) ENGINE=InnoDB DEFAULT CHARSET=utf8mb4 COLLATE=utf8mb4_unicode_ci;

/*Data for the table `oauth_auth_codes` */

/*Table structure for table `oauth_clients` */

DROP TABLE IF EXISTS `oauth_clients`;

CREATE TABLE `oauth_clients` (
  `id` int(10) unsigned NOT NULL AUTO_INCREMENT,
  `user_id` int(11) DEFAULT NULL,
  `name` varchar(255) COLLATE utf8mb4_unicode_ci NOT NULL,
  `secret` varchar(100) COLLATE utf8mb4_unicode_ci NOT NULL,
  `redirect` text COLLATE utf8mb4_unicode_ci NOT NULL,
  `personal_access_client` tinyint(1) NOT NULL,
  `password_client` tinyint(1) NOT NULL,
  `revoked` tinyint(1) NOT NULL,
  `created_at` timestamp NULL DEFAULT NULL,
  `updated_at` timestamp NULL DEFAULT NULL,
  PRIMARY KEY (`id`),
  KEY `oauth_clients_user_id_index` (`user_id`)
) ENGINE=InnoDB AUTO_INCREMENT=3 DEFAULT CHARSET=utf8mb4 COLLATE=utf8mb4_unicode_ci;

/*Data for the table `oauth_clients` */

insert  into `oauth_clients`(`id`,`user_id`,`name`,`secret`,`redirect`,`personal_access_client`,`password_client`,`revoked`,`created_at`,`updated_at`) values (1,NULL,'Laravel Personal Access Client','bUXn6dbbeIqa8VM4pJExqASyD3LMjKRwALBAeR5i','http://localhost',1,0,0,'2018-05-17 09:33:42','2018-05-17 09:33:42'),(2,NULL,'Laravel Password Grant Client','eEVMxuUZo3MnRbstE5vBOxT1SREcV4N7ftMHyk8E','http://localhost',0,1,0,'2018-05-17 09:33:42','2018-05-17 09:33:42');

/*Table structure for table `oauth_personal_access_clients` */

DROP TABLE IF EXISTS `oauth_personal_access_clients`;

CREATE TABLE `oauth_personal_access_clients` (
  `id` int(10) unsigned NOT NULL AUTO_INCREMENT,
  `client_id` int(11) NOT NULL,
  `created_at` timestamp NULL DEFAULT NULL,
  `updated_at` timestamp NULL DEFAULT NULL,
  PRIMARY KEY (`id`),
  KEY `oauth_personal_access_clients_client_id_index` (`client_id`)
) ENGINE=InnoDB AUTO_INCREMENT=2 DEFAULT CHARSET=utf8mb4 COLLATE=utf8mb4_unicode_ci;

/*Data for the table `oauth_personal_access_clients` */

insert  into `oauth_personal_access_clients`(`id`,`client_id`,`created_at`,`updated_at`) values (1,1,'2018-05-17 09:33:42','2018-05-17 09:33:42');

/*Table structure for table `oauth_refresh_tokens` */

DROP TABLE IF EXISTS `oauth_refresh_tokens`;

CREATE TABLE `oauth_refresh_tokens` (
  `id` varchar(100) COLLATE utf8mb4_unicode_ci NOT NULL,
  `access_token_id` varchar(100) COLLATE utf8mb4_unicode_ci NOT NULL,
  `revoked` tinyint(1) NOT NULL,
  `expires_at` datetime DEFAULT NULL,
  PRIMARY KEY (`id`),
  KEY `oauth_refresh_tokens_access_token_id_index` (`access_token_id`)
) ENGINE=InnoDB DEFAULT CHARSET=utf8mb4 COLLATE=utf8mb4_unicode_ci;

/*Data for the table `oauth_refresh_tokens` */

insert  into `oauth_refresh_tokens`(`id`,`access_token_id`,`revoked`,`expires_at`) values ('0048c6be6d43f397eee914ac4f5f82e4aab46e58a3e22f921741926b3043d3260ecf7019ce12aa5e','9805eb925626a08f266436c5b6a7d4cf5782d8d65b2b62afb7dcb6dc0e1ec4f8b91fc7cf21511ff0',0,'2019-05-23 14:14:04'),('01baa660e72b2e46e60cec61db98f9466e7515e2f471be7f47119f5465dfd874a878c8eebb1fd86c','8d7c3a4a240ab814841dc21b7e9d25183e4e0fe38c0e6082f5f57940a9e8b9f4009f9246fda513dc',0,'2019-05-18 13:23:07'),('028ca249ac1b62e25a1b8928aa57c882385c30125f932ef158a21f632463bc48860921ff7a710572','788fbc658fcd289fd1005d16902e1fc4489858a29a0efcd72f90cdddfffc52b3430b2b6fc129f553',0,'2019-05-23 14:38:49'),('05301a55f3a858a91843c94e568414122b18907926c51f670c61f505b13a973aa71ebc6d474d2127','8b2a2c328d5a65b288af7d18f351ffc95c50a56a8c3f9cd31ed0e88eefa02367f3dc9c18bbbbfc4a',0,'2019-05-24 06:04:06'),('096a0addcfc736b601dd4b6793b153849dc1ab82575dadcff8875795ce5460fb2b872fc3a3bdf048','1c59f4eed5477ccf73e1aae113502b5ea9a6e2ad79d67cefa85a204b17215debd237fa4a4af217b1',0,'2019-05-19 06:26:14'),('0f12a6ca5afaa5f4cb884db7d769d282f80732b2ebfc39a4c48ed1dcc76572fd18c9379f1508814c','03dcfeb1029b879f46abdab5b8235927a52633f14560a3fd6f8f25937113bdb2c4e6c3cebd3fef54',0,'2019-05-19 06:04:08'),('1686efd785dce6136691177e844b1b7e43a28282ddc84df4a271949b4b7c7ba8a11714e267460e75','05c60fcd5b11f742a9daef7964ba6c731712828aef0b6c8313c0d3f6125cd0f5747a85f5b8593e07',0,'2019-05-23 15:27:40'),('1c2c593977b1d501aacdc4b5b69943d877da42b91c601b5ecb505bfcab4fde7298b8e8ef0621ba3b','206af84ee29036eb56da6c515a2f5b73eaabd0a0cabe4faff42ca8f6abf8586eeb671b3093ddff50',0,'2019-05-23 10:11:39'),('263cf015f364bfbe6bf170b9e1cf8d86a1cbc734c6633784b5c1841d2af39221965eeb2030433970','1961d9fc836abd54a63c2290fdcbb27dc841d113147f62090f390703557b3009737f19a896ee803f',0,'2019-05-23 09:24:27'),('2e14dee0e5f9f3b42cb6fad377b57d28cb938afce88ae13b24e77456d5c73d153a915aa076797b4a','efeaa6c1866ce385c36180c75bca21220a59dca5f71fa9e047857108a1d913d8e2a1be0ce4a176b2',0,'2019-05-22 09:45:24'),('2f60f84ede49956f670f7331d7b9f02b69e820fc8a579851601ecf4549f10708d5bf2cbe794c01a5','3ba3d2cfc5dc003207797915a7c02d53f59a938e905996e23c9fb0047c5bf77b3f2c0096e7972196',0,'2019-05-19 07:00:11'),('3425fece685bc87251b39159b113f747d5575cc9fb0c9d805e8638dcc19ff25b7244b7308ae9e5c4','531eed8997911434b387c44ce2905ea3f4b2ecd2d59ebaff6e8d5aeb1933396011c20bc07d85076b',0,'2019-05-23 15:32:06'),('379a1a950e0b529b5b293c09e887ba283b6fbd69ec76a09575ceb1b1d64093044ef8bb75a8c6e222','3e3ac38cb2185bab6f25ed62ff1d803e3eea25ae416dbc1983d7af83eabe7bba4b10ad89e095ff40',0,'2019-05-19 06:20:14'),('412459c328c286cc7a35dacb79adb344d7c85dc418e1c480ce97dce7f8fc79d4a8c1d4cdb5fa69ae','8a5919449c2764828b17900a468392eb61a04f912f67b301da11b8324ee0b996279a81b114709841',0,'2019-05-23 05:23:21'),('4433a30f89ece3c2224227b80707f01a645ef8c4409349aa6afe17296ab9a7f4af27f2e85f74b91f','7d007494ed238c48b6f5f51795f47d8ab5100fcb897f9ad85e6f2eaeda6e8f0d2d43c1b1fa47d204',0,'2019-05-19 08:08:21'),('494e3f1f2b6968fbf35896ce14ae1861e8edb9c6c9c53fb389c2869d9256f5685bd82f0c1aa8f88f','fa347c3fa81c125a53e773ad409e3b6568ff850f88944cb27f3e25044bf0e328be989f2e2b3963c5',0,'2019-05-19 06:59:22'),('52becca980cc24df593415e422d3653abbb98f3bce0043b2d5bc43b40fa696a6522833baaad7675d','e8d5e00826e784725dfe6a0dd8c21bdf2de02412c580d1d909c623118a9f006cc15629a071c5b26d',0,'2019-05-18 13:50:46'),('57846d228b472b640d16d93a0cb6d44c46bec64e61eee71d51c7ecd00ca2e6160decabedc6f9ad86','d39691bb00b1771e145fc1e3ab23916055db18f417fa6ef1d7801add010c14a77fad246885b28cd8',0,'2019-05-22 09:29:30'),('6b67c5e01907672d89cf3e7060a19d1f9cf194c2c02839cce0dabc7b15b7f32eaa196483a47dbaa4','7bb85e186fbf38e1078f89ee0d1520c7b85d9724380063de5277a38436f407ede5e0734366c59d25',0,'2019-05-22 09:37:58'),('7742dd8bc2ce8a5767c51a1b9b58c9ffd9edda17b98674aabe792140b8ef3c52784fe8dd1435119a','537547312b1ccfe397eb728d52254f8a83eb0f7be1680b7d3ffd164f577c34a4c833252eedeb48f3',0,'2019-05-23 15:47:04'),('7ce5190111c79f0125ba2b4512c54b70109d37ea1eb80e949742e5c36d5e9c0c2bb71291ccf01520','bc880825b72e76e1cb3a57739773924930e19a83f2032a567694cffe1ac0b424f4332f4a45f25d80',0,'2019-05-23 15:30:03'),('7fdfe28d03f0d48482ec952c1548e213ea2057833751472d99e9c3322dd4d0c9f8c5fe0afef6855b','283b470adc9490e9a195b485452d6cfb8f17c11e15cc490e4937e8d91afa051ecfd753ffb9a6efba',0,'2019-05-23 05:30:26'),('7ff747b19a6abdf4e48da114cae760f0c59c7d28551e17395cb49001bf750665bb1c0367326bf1d4','6d233fc0402d99b2d32aefeff832eb6e9c270d333c896486bf808a909efeda5b5fcccc541c52d759',0,'2019-05-23 16:57:17'),('80cddcc2dc0b30dd7ff951f35d91b698e17e63f875afa6f2830a435f8732dd337c5bc4e8d664b835','41147182d5302676090a719b0dbd377a8b0956a4dbf88b79882bb5e88d9dc6c39d0adbafa299d147',0,'2019-05-23 15:31:13'),('9390f98d9647b0f2aa190f87cfd92d4e1abbba689d4e17ae0b572aa1b7e1a65583e78ec4c51eda73','d60c53d537791bfcd2fb834c6a944d8be5756b2658ccce689b9cbbfb341b7de08653ae89113023f3',0,'2019-05-23 16:41:27'),('95a6e5678d2f193608707e01a0f0ecdcacf4fdc31d52e46d21d4a87cec760a2a6f6912b85772e3b2','83bdf8536f320c12ec04cc21da40219ef8a613105d53afa08a567f13db946abdcc9dcebd97364431',0,'2019-05-19 06:58:29'),('990cfb78a5025be666e56d05de25bb433f694a7a0de21a962cd13ecd4e4d07c790487ca0fb15c170','41de1ab1298ee3956c7f6761384891daab37c5b5ea309a72ec3e5e830e3e5a2efb437dac61afbc10',0,'2019-05-19 05:34:10'),('a7a89c3f80b9a9b6fe53950a7a5bf6d8b8b89670700603d0371e0a3c136b674ed1228ba158ed3a11','093ad1686e2afe819408423038428563247c0d03ba7e246bebc741daa9c77eed53da1f28cad2afb2',0,'2019-05-19 06:43:09'),('aee90600a1cc8ec3615f69f1606917081a3710e0a2da96f0924c633c796a5adc8caa71c9bd4c9953','911f17d13940b3f0becff455c9cbe180f460945c702ee56094905d436dee53b03a9791770ba74c47',0,'2019-05-22 09:47:48'),('b0216c0d08d67cee629b62233390825465b21b645a3680c497c21e850703543e9a5427501c9d732f','cd92af4e4db441dc91c12fa856b3e3f41596abb38f731bd95ab37933b4947a2256d4555c9c38649e',0,'2019-05-23 16:23:32'),('b21d855788cf854e1b1f4e3b1e04310b0818a658b45a9414209b30b2266d4d51ffb14a579024716c','b1d653c05dfc4f6b3bc6e4739fe01d67fa04958de3321537b0c028976fb325b9c8c651e852121bf8',0,'2019-05-23 15:29:20'),('b2add9cdcefefea170a554a7140bf981e01de66e47af07e2b8c91bde04b57ba1d09d6d2aa016ec9f','60d49e4782ac604688050b64f276d994c6682325cd94d2f8c76c9c13f68d801cf716db47f05c4489',0,'2019-05-19 06:06:52'),('baf7b0210294978201f589d8508ec73068b9fbcde5a2bdaeb81255d02d3a5af7d94818618a6c1841','e7e0d6a467eccce842942c6e2eed184ff45b6e027b70109d6bafca2add99dba357a2a34c30b9d5f2',0,'2019-05-19 07:54:58'),('cf71a72a87dd4f552ebc0c0b383932fd8fc339711666ac1680ef535fe42fc5863386e0176d674e1a','cd9530bad660e920752895b2f64482c9a4999b13c9da08d8dfcfeda6d0c3db642077ddbe4f5915f5',0,'2019-05-19 05:41:29'),('d0049b0437858beb332e5614292e4ea351737d3852ddcdba63705548ec4ef9914373f8c50d96ffbd','9ead43d3b1d92198a80bab4701091aaa5a178cffe606945de3dc4e8214e4b322bcf707e27080c65e',0,'2019-05-23 05:51:09'),('d2b58601edddfa2ff72c26b0fefc47a040d595337da4de7647fa67e8fa1c126e3882761b6e511c43','b6354fc4b7c8288f3b53611709a61593205648abaa3ddaa8885b6bc8ee97a31b76202fe0c2d04fca',0,'2019-05-22 10:06:53'),('d3daa73a1fae56ee5f06e3f0e6c93d6082c8b9fb33d92c6352598029074f38d3ff1ecd6161416332','0bbcd6d3905d8aded9bd9ac4dfefadee8d19dcec87b1601fc64bd03fb191cf8c51fb37fbc5f460e0',0,'2019-05-21 06:46:23'),('db424855368556b1b91f5bb417b1e62a2189c831a72901c5c540a61934116f5c960ce7c1fd717196','b094be07b5232b366bbec540eba31c8972bec7b6299f0aa001069c42735f40bfc597aae8515bf87f',0,'2019-05-19 07:50:18'),('dfab94a53aeb044e6d91b9d504e938bcb52b32798c3c19d4d4d1e796d5496e5b0e8fbf79b678c4c4','5e18ac71a311750b60c8f16320358d1fcd1e1904aa6a6bef432733d1783217df20ea603ef687f25e',0,'2019-05-19 06:07:34'),('e8aaf7b7f63ec2b30488bcc736cf2b84590bd5757fe522c99c6a3d6db963223a56398ddc499af2ba','a9dae9ca2e523ffa5f81f22d3faf05b1f8d77d2c37f5fb9fd560de0cec3ceae0696c6961aaa9249e',0,'2019-05-23 15:29:37'),('e8f644ddb7c5c801291b290dbf6f42192cbef9f4319b3c2ae85723e288446f3590ccf3fe0bfb717c','21048cf661cbde20ec1507e419d908d62584e41550034c4598a85c96a1fd3101c0d9054d7f05e538',0,'2019-05-19 06:17:50'),('e93223a1e41d1dc75c0b135449dcddb88db85b9f74ddd4fa032cdf18e9002f34b155e291ce0a4088','e003101d72f4b842aeb73418ee063bd555ed5db2f93963cf544a699ec9e8defd63be02018d0d8ddf',0,'2019-05-23 16:33:52'),('f7f129975d4ba4df5734aee95641a2d324ee3e8299b00df11948995d5fe4a41ceb3eccdf26f5bc38','515431e064baccaaf9a8a234b1961e125711494e867754b379ec99670b3783866f031eae63e160c5',0,'2019-05-19 05:52:44'),('f9b368cd66de356ecd0f97fb7c96911bad1d5041306ab1e1dbf48c500bfe1b3ad757fdf084709b8a','15d91ca9c810d08877c12ef496b3cc7cf4b2768a886625ef9bbe2d71573d40c360ab027ab69f0590',0,'2019-05-19 07:57:31'),('fa7697faaa3ac30050ba2c6987d04d443b107637f7380d180e5d981828f022d9432d7fd8a185a3d5','66716cdcab324bf973f59a97b3926217ac8f60fa6e034e64c00c478c2ba3f49cff955121c28a096a',0,'2019-05-19 07:52:00'),('fb805a1f4b652c0ac51d124381ce2d3a394452e6819cfc2cb6b57d15c6d5df63df358e62c19942b8','2e926c19758991d208322d559b7a3be4fecf0f04f926e787353d4092019ca216279dd193ac7d9a98',0,'2019-05-24 06:04:50'),('fc7b407730a06c29d0c91a4877d6d1efe233956c7db2076734d48f9d8e1ef843c3739d91da17659a','81f955feea6aaf74fcfda1c2ab5fe6fefaa7b3648dd8dce5c6127322820b55cbececa519cd433fbb',0,'2019-05-23 15:28:30'),('fddd11b19e9b10bee1c9413d4ff2264d421043e784a4a6b3fc6beb97be6bcc2b95fe3d7136b2cb24','0ea374005a5a61c97408efe32b6130449e1189f9770e4a0c7cc362c51af623bb93061848462692ac',0,'2019-05-23 13:46:50'),('fe5352ee8e05aa694fce3d37376067f2a57bf10e6651dcbee5d9921c3fb6fc17e0c455dbfd9391bd','d7641ae57a96ac4ec0b9b4f80ddb7e8ef6b9a903734c2ca02dba5256d0babf3d658ebaaf664c4178',0,'2019-05-19 07:51:06');

/*Table structure for table `password_resets` */

DROP TABLE IF EXISTS `password_resets`;

CREATE TABLE `password_resets` (
  `email` varchar(140) COLLATE utf8mb4_unicode_ci NOT NULL,
  `token` varchar(255) COLLATE utf8mb4_unicode_ci NOT NULL,
  `created_at` timestamp NULL DEFAULT NULL,
  KEY `password_resets_email_index` (`email`)
) ENGINE=InnoDB DEFAULT CHARSET=utf8mb4 COLLATE=utf8mb4_unicode_ci;

/*Data for the table `password_resets` */

/*Table structure for table `publish_photos` */

DROP TABLE IF EXISTS `publish_photos`;

CREATE TABLE `publish_photos` (
  `id` int(10) unsigned NOT NULL AUTO_INCREMENT,
  `title` varchar(255) COLLATE utf8mb4_unicode_ci NOT NULL,
  `description` text COLLATE utf8mb4_unicode_ci NOT NULL,
  `status` int(11) NOT NULL DEFAULT '0',
  `image` varchar(255) COLLATE utf8mb4_unicode_ci NOT NULL,
  `admin` int(5) NOT NULL,
  `created_at` timestamp NULL DEFAULT NULL,
  `updated_at` timestamp NULL DEFAULT NULL,
  PRIMARY KEY (`id`)
) ENGINE=InnoDB AUTO_INCREMENT=45 DEFAULT CHARSET=utf8mb4 COLLATE=utf8mb4_unicode_ci;

/*Data for the table `publish_photos` */

insert  into `publish_photos`(`id`,`title`,`description`,`status`,`image`,`admin`,`created_at`,`updated_at`) values (19,'Lorem Ipsum is simply dummy text of the printing and typesetting industry','Lorem Ipsum is simply dummy text of the printing and typesetting industry. Lorem Ipsum has been the industrys standard dummy text ever since the 1500s, when an unknown printer took a galley of type and scrambled it to make a type specimen book. It has survived not only five centuries, but also the leap into electronic typesetting, remaining essentially unchanged. It was popularised in the 1960s with the release of Letraset sheets containing Lorem Ipsum passages, and more recently with desktop publishing software like Aldus PageMaker including versions of Lorem Ipsum. but also the leap into electronic typesetting, remaining essentially unchanged. It was popularised in the 1960s with the release of Letraset sheets containing Lorem Ipsum passages,',1,'images/120asfdhgsiufdhbipo5b053f4e89079.jpg',8,'2018-05-23 10:15:42','2018-05-23 10:15:42'),(20,'Lorem Ipsum is simply dummy text of the printing and typesetting industr','Lorem Ipsum is simply dummy text of the printing and typesetting industry. Lorem Ipsum has been the industrys standard dummy text ever since the 1500s, when an unknown printer took a galley of type and scrambled it to make a type specimen book. It has survived not only five centuries, but also the leap into electronic typesetting, remaining essentially unchanged. It was popularised in the 1960s with the release of Letraset sheets containing Lorem Ipsum passages, and more recently with desktop publishing software like Aldus PageMaker including versions of Lorem Ipsum. but also the leap into electronic typesetting, remaining essentially unchanged. It was popularised in the 1960s with the release of Letraset sheets containing Lorem Ipsum passages,',1,'images/120asfdhgsiufdhbipo5b053f7819968.jpg',8,'2018-05-23 10:16:24','2018-05-23 10:16:24'),(21,'Lorem Ipsum is simply dummy text of the printing and typesetting indust','Lorem Ipsum is simply dummy text of the printing and typesetting industry. Lorem Ipsum has been the industrys standard dummy text ever since the 1500s, when an unknown printer took a galley of type and scrambled it to make a type specimen book. It has survived not only five centuries, but also the leap into electronic typesetting, remaining essentially unchanged. It was popularised in the 1960s with the release of Letraset sheets containing Lorem Ipsum passages, and more recently with desktop publishing software like Aldus PageMaker including versions of Lorem Ipsum. but also the leap into electronic typesetting, remaining essentially unchanged. It was popularised in the 1960s with the release of Letraset sheets containing Lorem Ipsum passages,',1,'images/120asfdhgsiufdhbipo5b053f8d97c97.jpg',8,'2018-05-23 10:16:45','2018-05-23 10:16:45'),(22,'Lorem Ipsum is simply dummy text of the printing and typesetting indu','Lorem Ipsum is simply dummy text of the printing and typesetting industry. Lorem Ipsum has been the industrys standard dummy text ever since the 1500s, when an unknown printer took a galley of type and scrambled it to make a type specimen book. It has survived not only five centuries, but also the leap into electronic typesetting, remaining essentially unchanged. It was popularised in the 1960s with the release of Letraset sheets containing Lorem Ipsum passages, and more recently with desktop publishing software like Aldus PageMaker including versions of Lorem Ipsum. but also the leap into electronic typesetting, remaining essentially unchanged. It was popularised in the 1960s with the release of Letraset sheets containing Lorem Ipsum passages,',1,'images/120asfdhgsiufdhbipo5b053f9749587.jpeg',8,'2018-05-23 10:16:55','2018-05-23 10:16:55'),(23,'Lorem Ipsum is simply dummy text of the printing and typesetting ind','Lorem Ipsum is simply dummy text of the printing and typesetting industry. Lorem Ipsum has been the industrys standard dummy text ever since the 1500s, when an unknown printer took a galley of type and scrambled it to make a type specimen book. It has survived not only five centuries, but also the leap into electronic typesetting, remaining essentially unchanged. It was popularised in the 1960s with the release of Letraset sheets containing Lorem Ipsum passages, and more recently with desktop publishing software like Aldus PageMaker including versions of Lorem Ipsum. but also the leap into electronic typesetting, remaining essentially unchanged. It was popularised in the 1960s with the release of Letraset sheets containing Lorem Ipsum passages,',1,'images/120asfdhgsiufdhbipo5b053faada7cd.jpeg',8,'2018-05-23 10:17:14','2018-05-23 10:17:14'),(24,'Lorem Ipsum is simply dummy text of the printing and typesettin ind','Lorem Ipsum is simply dummy text of the printing and typesetting industry. Lorem Ipsum has been the industrys standard dummy text ever since the 1500s, when an unknown printer took a galley of type and scrambled it to make a type specimen book. It has survived not only five centuries, but also the leap into electronic typesetting, remaining essentially unchanged. It was popularised in the 1960s with the release of Letraset sheets containing Lorem Ipsum passages, and more recently with desktop publishing software like Aldus PageMaker including versions of Lorem Ipsum. but also the leap into electronic typesetting, remaining essentially unchanged. It was popularised in the 1960s with the release of Letraset sheets containing Lorem Ipsum passages,',1,'images/120asfdhgsiufdhbipo5b053fb717bb0.jpg',8,'2018-05-23 10:17:27','2018-05-23 10:17:27'),(25,'Lorem Ipsum is simply dummy text of the printing and typesetting indus','Lorem Ipsum is simply dummy text of the printing and typesetting industry. Lorem Ipsum has been the industrys standard dummy text ever since the 1500s, when an unknown printer took a galley of type and scrambled it to make a type specimen book. It has survived not only five centuries, but also the leap into electronic typesetting, remaining essentially unchanged. It was popularised in the 1960s with the release of Letraset sheets containing Lorem Ipsum passages, and more recently with desktop publishing software like Aldus PageMaker including versions of Lorem Ipsum. but also the leap into electronic typesetting, remaining essentially unchanged. It was popularised in the 1960s with the release of Letraset sheets containing Lorem Ipsum passages,',1,'images/120asfdhgsiufdhbipo5b053fc597f9c.jpg',8,'2018-05-23 10:17:41','2018-05-23 10:17:41'),(26,'Lorem Ipsum is simply dummy text of he printing and typesetting indus','Lorem Ipsum is simply dummy text of the printing and typesetting industry. Lorem Ipsum has been the industrys standard dummy text ever since the 1500s, when an unknown printer took a galley of type and scrambled it to make a type specimen book. It has survived not only five centuries, but also the leap into electronic typesetting, remaining essentially unchanged. It was popularised in the 1960s with the release of Letraset sheets containing Lorem Ipsum passages, and more recently with desktop publishing software like Aldus PageMaker including versions of Lorem Ipsum. but also the leap into electronic typesetting, remaining essentially unchanged. It was popularised in the 1960s with the release of Letraset sheets containing Lorem Ipsum passages,',1,'images/120asfdhgsiufdhbipo5b053fce29fb4.jpg',8,'2018-05-23 10:17:50','2018-05-23 10:17:50'),(27,'Lorem Ipsum is simply dummy te=xt of he printing and typesetting indus','Lorem Ipsum is simply dummy text of the printing and typesetting industry. Lorem Ipsum has been the industrys standard dummy text ever since the 1500s, when an unknown printer took a galley of type and scrambled it to make a type specimen book. It has survived not only five centuries, but also the leap into electronic typesetting, remaining essentially unchanged. It was popularised in the 1960s with the release of Letraset sheets containing Lorem Ipsum passages, and more recently with desktop publishing software like Aldus PageMaker including versions of Lorem Ipsum. but also the leap into electronic typesetting, remaining essentially unchanged. It was popularised in the 1960s with the release of Letraset sheets containing Lorem Ipsum passages,',1,'images/120asfdhgsiufdhbipo5b053fd960ef1.jpeg',8,'2018-05-23 10:18:01','2018-05-23 10:18:01'),(28,'Lorem Ipsum is simply dummy txt of he printing and typesetting indus','Lorem Ipsum is simply dummy text of the printing and typesetting industry. Lorem Ipsum has been the industrys standard dummy text ever since the 1500s, when an unknown printer took a galley of type and scrambled it to make a type specimen book. It has survived not only five centuries, but also the leap into electronic typesetting, remaining essentially unchanged. It was popularised in the 1960s with the release of Letraset sheets containing Lorem Ipsum passages, and more recently with desktop publishing software like Aldus PageMaker including versions of Lorem Ipsum. but also the leap into electronic typesetting, remaining essentially unchanged. It was popularised in the 1960s with the release of Letraset sheets containing Lorem Ipsum passages,',1,'images/120asfdhgsiufdhbipo5b053ff5e5cbd.jpg',8,'2018-05-23 10:18:29','2018-05-23 10:18:29'),(29,'Lorem Ipsum is simply dmy text of the printing and typesetting industry','Lorem Ipsum is simply dummy text of the printing and typesetting industry. Lorem Ipsum has been the industrys standard dummy text ever since the 1500s, when an unknown printer took a galley of type and scrambled it to make a type specimen book. It has survived not only five centuries, but also the leap into electronic typesetting, remaining essentially unchanged. It was popularised in the 1960s with the release of Letraset sheets containing Lorem Ipsum passages, and more recently with desktop publishing software like Aldus PageMaker including versions of Lorem Ipsum. but also the leap into electronic typesetting, remaining essentially unchanged. It was popularised in the 1960s with the release of Letraset sheets containing Lorem Ipsum passages,',1,'images/120asfdhgsiufdhbipo5b054032c88b7.jpg',8,'2018-05-23 10:19:30','2018-05-23 10:19:30'),(30,'Lorem Ipsum is simply dmy text of the printing and typetting industry','Lorem Ipsum is simply dummy text of the printing and typesetting industry. Lorem Ipsum has been the industrys standard dummy text ever since the 1500s, when an unknown printer took a galley of type and scrambled it to make a type specimen book. It has survived not only five centuries, but also the leap into electronic typesetting, remaining essentially unchanged. It was popularised in the 1960s with the release of Letraset sheets containing Lorem Ipsum passages, and more recently with desktop publishing software like Aldus PageMaker including versions of Lorem Ipsum. but also the leap into electronic typesetting, remaining essentially unchanged. It was popularised in the 1960s with the release of Letraset sheets containing Lorem Ipsum passages,',1,'images/120asfdhgsiufdhbipo5b05403c42ebb.jpg',8,'2018-05-23 10:19:40','2018-05-23 10:19:40'),(31,'Lorem Ipsum is simply dmy text of the prinng and typetting industry','Lorem Ipsum is simply dummy text of the printing and typesetting industry. Lorem Ipsum has been the industrys standard dummy text ever since the 1500s, when an unknown printer took a galley of type and scrambled it to make a type specimen book. It has survived not only five centuries, but also the leap into electronic typesetting, remaining essentially unchanged. It was popularised in the 1960s with the release of Letraset sheets containing Lorem Ipsum passages, and more recently with desktop publishing software like Aldus PageMaker including versions of Lorem Ipsum. but also the leap into electronic typesetting, remaining essentially unchanged. It was popularised in the 1960s with the release of Letraset sheets containing Lorem Ipsum passages,',1,'images/120asfdhgsiufdhbipo5b0540453fb2a.jpg',8,'2018-05-23 10:19:49','2018-05-23 10:19:49'),(32,'Lorem Ipsum is simply dmy textrt of the prinng and typetting industry','Lorem Ipsum is simply dummy text of the printing and typesetting industry. Lorem Ipsum has been the industrys standard dummy text ever since the 1500s, when an unknown printer took a galley of type and scrambled it to make a type specimen book. It has survived not only five centuries, but also the leap into electronic typesetting, remaining essentially unchanged. It was popularised in the 1960s with the release of Letraset sheets containing Lorem Ipsum passages, and more recently with desktop publishing software like Aldus PageMaker including versions of Lorem Ipsum. but also the leap into electronic typesetting, remaining essentially unchanged. It was popularised in the 1960s with the release of Letraset sheets containing Lorem Ipsum passages,',1,'images/120asfdhgsiufdhbipo5b05404b26850.jpg',8,'2018-05-23 10:19:55','2018-05-23 10:19:55'),(33,'Lorem Ipsum is simply dsdmy textrt of the prinng and typetting industry','Lorem Ipsum is simply dummy text of the printing and typesetting industry. Lorem Ipsum has been the industrys standard dummy text ever since the 1500s, when an unknown printer took a galley of type and scrambled it to make a type specimen book. It has survived not only five centuries, but also the leap into electronic typesetting, remaining essentially unchanged. It was popularised in the 1960s with the release of Letraset sheets containing Lorem Ipsum passages, and more recently with desktop publishing software like Aldus PageMaker including versions of Lorem Ipsum. but also the leap into electronic typesetting, remaining essentially unchanged. It was popularised in the 1960s with the release of Letraset sheets containing Lorem Ipsum passages,',1,'images/120asfdhgsiufdhbipo5b05405c19230.jpg',8,'2018-05-23 10:20:12','2018-05-23 10:20:12'),(34,'Lorem Ipsum sis simply dsdmy textrt of the prinng and typetting industry','Lorem Ipsum is simply dummy text of the printing and typesetting industry. Lorem Ipsum has been the industrys standard dummy text ever since the 1500s, when an unknown printer took a galley of type and scrambled it to make a type specimen book. It has survived not only five centuries, but also the leap into electronic typesetting, remaining essentially unchanged. It was popularised in the 1960s with the release of Letraset sheets containing Lorem Ipsum passages, and more recently with desktop publishing software like Aldus PageMaker including versions of Lorem Ipsum. but also the leap into electronic typesetting, remaining essentially unchanged. It was popularised in the 1960s with the release of Letraset sheets containing Lorem Ipsum passages,',1,'images/120asfdhgsiufdhbipo5b05406288319.jpeg',8,'2018-05-23 10:20:18','2018-05-23 10:20:18'),(35,'Lorem Ipsum sis simply sd dsdmy textrt of the prinng and typetting industry','Lorem Ipsum is simply dummy text of the printing and typesetting industry. Lorem Ipsum has been the industrys standard dummy text ever since the 1500s, when an unknown printer took a galley of type and scrambled it to make a type specimen book. It has survived not only five centuries, but also the leap into electronic typesetting, remaining essentially unchanged. It was popularised in the 1960s with the release of Letraset sheets containing Lorem Ipsum passages, and more recently with desktop publishing software like Aldus PageMaker including versions of Lorem Ipsum. but also the leap into electronic typesetting, remaining essentially unchanged. It was popularised in the 1960s with the release of Letraset sheets containing Lorem Ipsum passages,',1,'images/120asfdhgsiufdhbipo5b05406b72e5d.jpg',8,'2018-05-23 10:20:27','2018-05-23 10:20:27'),(36,'Lorem Ipsum dsdmy textrt of the prinng and typetting industry','Lorem Ipsum is simply dummy text of the printing and typesetting industry. Lorem Ipsum has been the industrys standard dummy text ever since the 1500s, when an unknown printer took a galley of type and scrambled it to make a type specimen book. It has survived not only five centuries, but also the leap into electronic typesetting, remaining essentially unchanged. It was popularised in the 1960s with the release of Letraset sheets containing Lorem Ipsum passages, and more recently with desktop publishing software like Aldus PageMaker including versions of Lorem Ipsum. but also the leap into electronic typesetting, remaining essentially unchanged. It was popularised in the 1960s with the release of Letraset sheets containing Lorem Ipsum passages,',1,'images/120asfdhgsiufdhbipo5b0540799f0c2.jpg',8,'2018-05-23 10:20:41','2018-05-23 10:20:41'),(37,'Lorem Ipsum dummy text of the printing and typesetting industry','Lorem Ipsum is simply dummy text of the printing and typesetting industry. Lorem Ipsum has been the industrys standard dummy text ever since the 1500s, when an unknown printer took a galley of type and scrambled it to make a type specimen book. It has survived not only five centuries, but also the leap into electronic typesetting, remaining essentially unchanged. It was popularised in the 1960s with the release of Letraset sheets containing Lorem Ipsum passages, and more recently with desktop publishing software like Aldus PageMaker including versions of Lorem Ipsum. but also the leap into electronic typesetting, remaining essentially unchanged. It was popularised in the 1960s with the release of Letraset sheets containing Lorem Ipsum passages,',1,'images/120asfdhgsiufdhbipo5b054096c65a8.jpg',8,'2018-05-23 10:21:10','2018-05-23 10:21:10'),(38,'Lorem Ipsum dummy text of the printing','It is a long established fact that a reader will be distracted by the readable content of a page when looking at its layout. The point of using Lorem Ipsum is that it has a more-or-less normal distribution of letters, as opposed to using \'Content here, content here\', making it look like readable English. Many desktop publishing packages and web page editors now use Lorem Ipsum as their default model text, and a search for \'lorem ipsum\' will uncover many web sites still in their infancy. Various versions have evolved over the years, sometimes by accident, sometimes on purpose (injected humour and the like).',1,'images/120asfdhgsiufdhbipo5b0598c7cc11d.jpg',6,'2018-05-23 16:37:27','2018-05-23 16:37:27'),(39,'Lorem Ipsum dummy text of the printin','It is a long established fact that a reader will be distracted by the readable content of a page when looking at its layout. The point of using Lorem Ipsum is that it has a more-or-less normal distribution of letters, as opposed to using \'Content here, content here\', making it look like readable English. Many desktop publishing packages and web page editors now use Lorem Ipsum as their default model text, and a search for \'lorem ipsum\' will uncover many web sites still in their infancy. Various versions have evolved over the years, sometimes by accident, sometimes on purpose (injected humour and the like).',1,'images/120asfdhgsiufdhbipo5b0599094d54a.jpg',6,'2018-05-23 16:38:33','2018-05-23 16:38:33'),(40,'Lorem Ipsum dummy text of the printing.','It is a long established fact that a reader will be distracted by the readable content of a page when looking at its layout. The point of using Lorem Ipsum is that it has a more-or-less normal distribution of letters, as opposed to using \'Content here, content here\', making it look like readable English. Many desktop publishing packages and web page editors now use Lorem Ipsum as their default model text, and a search for \'lorem ipsum\' will uncover many web sites still in their infancy. Various versions have evolved over the years, sometimes by accident, sometimes on purpose (injected humour and the like).',1,'images/120asfdhgsiufdhbipo5b0599160efc4.jpg',6,'2018-05-23 16:38:46','2018-05-23 16:38:46'),(41,'Lorem Ipsum dummy text of thhe printing.','It is a long established fact that a reader will be distracted by the readable content of a page when looking at its layout. The point of using Lorem Ipsum is that it has a more-or-less normal distribution of letters, as opposed to using \'Content here, content here\', making it look like readable English. Many desktop publishing packages and web page editors now use Lorem Ipsum as their default model text, and a search for \'lorem ipsum\' will uncover many web sites still in their infancy. Various versions have evolved over the years, sometimes by accident, sometimes on purpose (injected humour and the like).',1,'images/120asfdhgsiufdhbipo5b05991f5b4a6.jpg',6,'2018-05-23 16:38:55','2018-05-23 16:38:55'),(42,'Lorem Ipsum dummy text of thee printing.','It is a long established fact that a reader will be distracted by the readable content of a page when looking at its layout. The point of using Lorem Ipsum is that it has a more-or-less normal distribution of letters, as opposed to using \'Content here, content here\', making it look like readable English. Many desktop publishing packages and web page editors now use Lorem Ipsum as their default model text, and a search for \'lorem ipsum\' will uncover many web sites still in their infancy. Various versions have evolved over the years, sometimes by accident, sometimes on purpose (injected humour and the like).',1,'images/120asfdhgsiufdhbipo5b05992947e66.jpg',6,'2018-05-23 16:39:05','2018-05-23 16:39:05'),(43,'Lorem Ipsum dumamy text of the printing.','It is a long established fact that a reader will be distracted by the readable content of a page when looking at its layout. The point of using Lorem Ipsum is that it has a more-or-less normal distribution of letters, as opposed to using \'Content here, content here\', making it look like readable English. Many desktop publishing packages and web page editors now use Lorem Ipsum as their default model text, and a search for \'lorem ipsum\' will uncover many web sites still in their infancy. Various versions have evolved over the years, sometimes by accident, sometimes on purpose (injected humour and the like).',1,'images/120asfdhgsiufdhbipo5b0599357a589.jpg',6,'2018-05-23 16:39:17','2018-05-23 16:39:17'),(44,'Lorem Ipsum dumsmy text of the printing.','It is a long established fact that a reader will be distracted by the readable content of a page when looking at its layout. The point of using Lorem Ipsum is that it has a more-or-less normal distribution of letters, as opposed to using \'Content here, content here\', making it look like readable English. Many desktop publishing packages and web page editors now use Lorem Ipsum as their default model text, and a search for \'lorem ipsum\' will uncover many web sites still in their infancy. Various versions have evolved over the years, sometimes by accident, sometimes on purpose (injected humour and the like).',1,'images/120asfdhgsiufdhbipo5b059940a6628.jpg',6,'2018-05-23 16:39:28','2018-05-23 16:39:28');

/*Table structure for table `users` */

DROP TABLE IF EXISTS `users`;

CREATE TABLE `users` (
  `id` int(10) unsigned NOT NULL AUTO_INCREMENT,
  `name` varchar(255) COLLATE utf8mb4_unicode_ci NOT NULL,
  `email` varchar(140) COLLATE utf8mb4_unicode_ci NOT NULL,
  `password` varchar(255) COLLATE utf8mb4_unicode_ci NOT NULL,
  `flag` int(2) NOT NULL DEFAULT '0',
  `remember_token` varchar(100) COLLATE utf8mb4_unicode_ci DEFAULT NULL,
  `created_at` timestamp NULL DEFAULT NULL,
  `updated_at` timestamp NULL DEFAULT NULL,
  PRIMARY KEY (`id`),
  UNIQUE KEY `users_email_unique` (`email`)
) ENGINE=InnoDB AUTO_INCREMENT=9 DEFAULT CHARSET=utf8mb4 COLLATE=utf8mb4_unicode_ci;

/*Data for the table `users` */

insert  into `users`(`id`,`name`,`email`,`password`,`flag`,`remember_token`,`created_at`,`updated_at`) values (6,'Aj akash','taspiyataspiya13@gmail.com','$2y$10$cZtJVV4T8jXE4UA/dUhewu4.oMjapZopyuTD1NemBM5/rAduzYTgW',1,NULL,'2018-05-19 05:50:03','2018-05-19 05:50:03'),(8,'Akash Ahammad','akashajaj09@gmail.com','$2y$10$KsR5iLEXgkzSwtmPJRvtLeBhqEWrYCW6nqDvMxuC/dHIk/3mrLzh2',1,NULL,'2018-05-19 06:23:06','2018-05-19 06:23:06');

/*!40101 SET SQL_MODE=@OLD_SQL_MODE */;
/*!40014 SET FOREIGN_KEY_CHECKS=@OLD_FOREIGN_KEY_CHECKS */;
/*!40014 SET UNIQUE_CHECKS=@OLD_UNIQUE_CHECKS */;
/*!40111 SET SQL_NOTES=@OLD_SQL_NOTES */;
